<?xml version="1.0"?>
<opencv_storage>
<Resolution><width>800</width>
  <height>800</height></Resolution>
<ControlPoints><_><x>573.</x>
    <y>196.</y>
    <z>0.</z>
    <ref>0</ref>
    <isSharp>0</isSharp>
    <splineRefs>
      0</splineRefs>
    <attribute_dir1><inwardDirection>1</inwardDirection>
      <extent>50.</extent>
      <height>100.</height>
      <shapePointAtrs><_><x>4.0000000596046448e-01</x>
          <y>0.</y></_>
        <_><x>1.5000000596046448e-01</x>
          <y>1.</y></_></shapePointAtrs></attribute_dir1>
    <attribute_dir2><inwardDirection>0</inwardDirection>
      <extent>71.</extent>
      <height>100.</height>
      <shapePointAtrs><_><x>5.4000000596046460e-01</x>
          <y>1.7347234759768071e-17</y></_>
        <_><x>2.2000000596046454e-01</x>
          <y>9.7999999999999998e-01</y></_></shapePointAtrs></attribute_dir2></_>
  <_><x>334.</x>
    <y>136.</y>
    <z>0.</z>
    <ref>1</ref>
    <isSharp>0</isSharp>
    <splineRefs>
      0</splineRefs>
    <attribute_dir1><inwardDirection>1</inwardDirection>
      <extent>50.</extent>
      <height>100.</height>
      <shapePointAtrs><_><x>4.0000000596046448e-01</x>
          <y>0.</y></_>
        <_><x>1.5000000596046448e-01</x>
          <y>1.</y></_></shapePointAtrs></attribute_dir1>
    <attribute_dir2><inwardDirection>0</inwardDirection>
      <extent>71.</extent>
      <height>100.</height>
      <shapePointAtrs><_><x>5.4000000596046460e-01</x>
          <y>1.7347234759768071e-17</y></_>
        <_><x>2.2000000596046454e-01</x>
          <y>9.7999999999999998e-01</y></_></shapePointAtrs></attribute_dir2></_>
  <_><x>270.</x>
    <y>326.</y>
    <z>0.</z>
    <ref>2</ref>
    <isSharp>0</isSharp>
    <splineRefs>
      0</splineRefs>
    <attribute_dir1><inwardDirection>1</inwardDirection>
      <extent>50.</extent>
      <height>100.</height>
      <shapePointAtrs><_><x>4.0000000596046448e-01</x>
          <y>0.</y></_>
        <_><x>1.5000000596046448e-01</x>
          <y>1.</y></_></shapePointAtrs></attribute_dir1>
    <attribute_dir2><inwardDirection>0</inwardDirection>
      <extent>71.</extent>
      <height>100.</height>
      <shapePointAtrs><_><x>5.4000000596046460e-01</x>
          <y>1.7347234759768071e-17</y></_>
        <_><x>2.2000000596046454e-01</x>
          <y>9.7999999999999998e-01</y></_></shapePointAtrs></attribute_dir2></_>
  <_><x>571.</x>
    <y>340.</y>
    <z>0.</z>
    <ref>3</ref>
    <isSharp>0</isSharp>
    <splineRefs>
      0</splineRefs>
    <attribute_dir1><inwardDirection>1</inwardDirection>
      <extent>50.</extent>
      <height>100.</height>
      <shapePointAtrs><_><x>4.0000000596046448e-01</x>
          <y>0.</y></_>
        <_><x>1.5000000596046448e-01</x>
          <y>1.</y></_></shapePointAtrs></attribute_dir1>
    <attribute_dir2><inwardDirection>0</inwardDirection>
      <extent>71.</extent>
      <height>100.</height>
      <shapePointAtrs><_><x>5.4000000596046460e-01</x>
          <y>1.7347234759768071e-17</y></_>
        <_><x>2.2000000596046454e-01</x>
          <y>9.7999999999999998e-01</y></_></shapePointAtrs></attribute_dir2></_>
  <_><x>613.</x>
    <y>499.</y>
    <z>0.</z>
    <ref>4</ref>
    <isSharp>0</isSharp>
    <splineRefs>
      0</splineRefs>
    <attribute_dir1><inwardDirection>1</inwardDirection>
      <extent>50.</extent>
      <height>100.</height>
      <shapePointAtrs><_><x>4.0000000596046448e-01</x>
          <y>0.</y></_>
        <_><x>1.5000000596046448e-01</x>
          <y>1.</y></_></shapePointAtrs></attribute_dir1>
    <attribute_dir2><inwardDirection>0</inwardDirection>
      <extent>104.</extent>
      <height>100.</height>
      <shapePointAtrs><_><x>7.0000000596046474e-01</x>
          <y>5.3000000000000025e-01</y></_>
        <_><x>1.5000000596046448e-01</x>
          <y>1.3999999999999929e-01</y></_></shapePointAtrs></attribute_dir2></_>
  <_><x>322.</x>
    <y>525.</y>
    <z>0.</z>
    <ref>5</ref>
    <isSharp>0</isSharp>
    <splineRefs>
      0</splineRefs>
    <attribute_dir1><inwardDirection>1</inwardDirection>
      <extent>50.</extent>
      <height>100.</height>
      <shapePointAtrs><_><x>4.0000000596046448e-01</x>
          <y>0.</y></_>
        <_><x>1.5000000596046448e-01</x>
          <y>1.</y></_></shapePointAtrs></attribute_dir1>
    <attribute_dir2><inwardDirection>0</inwardDirection>
      <extent>104.</extent>
      <height>100.</height>
      <shapePointAtrs><_><x>7.0000000596046474e-01</x>
          <y>5.3000000000000025e-01</y></_>
        <_><x>1.5000000596046448e-01</x>
          <y>1.3999999999999929e-01</y></_></shapePointAtrs></attribute_dir2></_>
  <_><x>281.</x>
    <y>422.</y>
    <z>0.</z>
    <ref>6</ref>
    <isSharp>0</isSharp>
    <splineRefs>
      0</splineRefs>
    <attribute_dir1><inwardDirection>1</inwardDirection>
      <extent>50.</extent>
      <height>100.</height>
      <shapePointAtrs><_><x>4.0000000596046448e-01</x>
          <y>0.</y></_>
        <_><x>1.5000000596046448e-01</x>
          <y>1.</y></_></shapePointAtrs></attribute_dir1>
    <attribute_dir2><inwardDirection>0</inwardDirection>
      <extent>71.</extent>
      <height>100.</height>
      <shapePointAtrs><_><x>5.4000000596046460e-01</x>
          <y>1.7347234759768071e-17</y></_>
        <_><x>2.2000000596046454e-01</x>
          <y>9.7999999999999998e-01</y></_></shapePointAtrs></attribute_dir2></_></ControlPoints>
<Curves><_><ref>0</ref>
    <has_inward_surface>1</has_inward_surface>
    <has_outward_surface>1</has_outward_surface>
    <has_uniform_subdivision>0</has_uniform_subdivision>
    <is_slope>0</is_slope>
    <thickness>0</thickness>
    <cptRefs>
      0 1 2 3 4 5 6</cptRefs>
    <boundaryColoursInward>
      255 0 255</boundaryColoursInward>
    <boundaryColoursOutward>
      255 0 255</boundaryColoursOutward></_></Curves>
<ColorMappings></ColorMappings>
</opencv_storage>
